<application>
  <component name="CodeFoldingSettings">
    <option name="COLLAPSE_IMPORTS" value="false" />
  </component>
  <component name="CodeInsightSettings">
    <option name="HIGHLIGHT_IDENTIFIER_UNDER_CARET" value="false" />
    <EXCLUDED_PACKAGE NAME="" />
  </component>
  <component name="DaemonCodeAnalyzerSettings" profile="Square">
    <option name="NEXT_ERROR_ACTION_GOES_TO_ERRORS_FIRST" value="false" />
    <option name="ERROR_STRIPE_MARK_MIN_HEIGHT" value="3" />
  </component>
</application>