<application>
  <component name="GeneralSettings">
    <option name="browserPath" value="/usr/bin/google-chrome" />
    <option name="confirmExit" value="false" />
    <option name="searchInBackground" value="true" />
  </component>
  <component name="Registry">
    <entry key="terminal.buffer.max.lines.count" value="100000000" />
    <entry key="SBT.system.in.process" value="true" />
    <entry key="BSP.experimental.feature.enabled" value="false" />
    <entry key="BSP.system.in.process" value="true" />
  </component>
</application>