<application>
  <component name="KeyPromoterXStatistic">
    <option name="statistics">
      <Statistic Action="Add">
        <Item>
          <IdeaActionID>Git.Add</IdeaActionID>
          <ShortCut>'⌥⌘A'</ShortCut>
          <Description>Add</Description>
          <Count>1</Count>
        </Item>
      </Statistic>
      <Statistic Action="Annotate">
        <Item>
          <IdeaActionID>Annotate</IdeaActionID>
          <ShortCut>'⌥A'</ShortCut>
          <Description>Annotate</Description>
          <Count>1</Count>
        </Item>
      </Statistic>
      <Statistic Action="Apply Current Layout">
        <Item>
          <IdeaActionID>UML.ApplyCurrentLayout</IdeaActionID>
          <ShortCut>'F5'</ShortCut>
          <Description>Apply Current Layout</Description>
          <Count>1</Count>
        </Item>
      </Statistic>
      <Statistic Action="Back">
        <Item>
          <IdeaActionID>Back</IdeaActionID>
          <ShortCut>'⌘[' or '⌥⌘←' or 'Button4 Click'</ShortCut>
          <Description>Back</Description>
          <Count>2</Count>
        </Item>
      </Statistic>
      <Statistic Action="Close Project">
        <Item>
          <IdeaActionID>CloseProject</IdeaActionID>
          <ShortCut>'⇧⌘P'</ShortCut>
          <Description>Close Project</Description>
          <Count>273</Count>
        </Item>
      </Statistic>
      <Statistic Action="Column Selection Mode">
        <Item>
          <IdeaActionID>EditorToggleColumnMode</IdeaActionID>
          <ShortCut>'⇧⌘8'</ShortCut>
          <Description>Column Selection Mode</Description>
          <Count>1</Count>
        </Item>
      </Statistic>
      <Statistic Action="Commit...">
        <Item>
          <IdeaActionID>CheckinProject</IdeaActionID>
          <ShortCut>'⌘K'</ShortCut>
          <Description>Commit...</Description>
          <Count>3</Count>
        </Item>
      </Statistic>
      <Statistic Action="Copy">
        <Item>
          <IdeaActionID>$Copy</IdeaActionID>
          <ShortCut>'⌘C'</ShortCut>
          <Description>Copy</Description>
          <Count>1</Count>
        </Item>
      </Statistic>
      <Statistic Action="Copy Value">
        <Item>
          <IdeaActionID>XDebugger.CopyValue</IdeaActionID>
          <ShortCut>'⌘C'</ShortCut>
          <Description>Copy Value</Description>
          <Count>2</Count>
        </Item>
      </Statistic>
      <Statistic Action="Debug">
        <Item>
          <IdeaActionID>ActivateDebugToolWindow</IdeaActionID>
          <ShortCut>'⌘5'</ShortCut>
          <Description>Debug</Description>
          <Count>50</Count>
        </Item>
      </Statistic>
      <Statistic Action="Debug 'singleRoute()'">
        <Item>
          <IdeaActionID>DebugClass</IdeaActionID>
          <ShortCut>'⌃⇧D'</ShortCut>
          <Description>Debug 'singleRoute()'</Description>
          <Count>1</Count>
        </Item>
      </Statistic>
      <Statistic Action="Declaration">
        <Item>
          <IdeaActionID>GotoDeclaration</IdeaActionID>
          <ShortCut>'⌘B' or '⌘Button1 Click' or 'Button2 Click'</ShortCut>
          <Description>Declaration</Description>
          <Count>3557</Count>
        </Item>
      </Statistic>
      <Statistic Action="Delete...">
        <Item>
          <IdeaActionID>$Delete</IdeaActionID>
          <ShortCut>'⌦' or '⌫' or '⌘⌫'</ShortCut>
          <Description>Delete...</Description>
          <Count>1</Count>
        </Item>
      </Statistic>
      <Statistic Action="Edit...">
        <Item>
          <IdeaActionID>XDebugger.EditWatch</IdeaActionID>
          <ShortCut>'F2'</ShortCut>
          <Description>Edit...</Description>
          <Count>3</Count>
        </Item>
      </Statistic>
      <Statistic Action="Evaluate Expression...">
        <Item>
          <IdeaActionID>EvaluateExpression</IdeaActionID>
          <ShortCut>'⌥F8'</ShortCut>
          <Description>Evaluate Expression...</Description>
          <Count>68</Count>
        </Item>
      </Statistic>
      <Statistic Action="Exit Full Screen">
        <Item>
          <IdeaActionID>ToggleFullScreen</IdeaActionID>
          <ShortCut>'⌃⌘F'</ShortCut>
          <Description>Exit Full Screen</Description>
          <Count>1</Count>
        </Item>
      </Statistic>
      <Statistic Action="Favorites">
        <Item>
          <IdeaActionID>ActivateFavoritesToolWindow</IdeaActionID>
          <ShortCut>'⌘2'</ShortCut>
          <Description>Favorites</Description>
          <Count>5</Count>
        </Item>
      </Statistic>
      <Statistic Action="Find">
        <Item>
          <IdeaActionID>ActivateFindToolWindow</IdeaActionID>
          <ShortCut>'⌘3'</ShortCut>
          <Description>Find</Description>
          <Count>10</Count>
        </Item>
      </Statistic>
      <Statistic Action="Find Usages">
        <Item>
          <IdeaActionID>FindUsages</IdeaActionID>
          <ShortCut>'⌥F7'</ShortCut>
          <Description>Find Usages</Description>
          <Count>1</Count>
        </Item>
      </Statistic>
      <Statistic Action="Find in Path...">
        <Item>
          <IdeaActionID>FindInPath</IdeaActionID>
          <ShortCut>'⇧⌘F'</ShortCut>
          <Description>Find in Path...</Description>
          <Count>1</Count>
        </Item>
      </Statistic>
      <Statistic Action="GoTo">
        <Item>
          <IdeaActionID>GotoDeclaration</IdeaActionID>
          <ShortCut>'⌘B' or '⌘Button1 Click' or 'Button2 Click'</ShortCut>
          <Description>GoTo</Description>
          <Count>4154</Count>
        </Item>
      </Statistic>
      <Statistic Action="Hide All Windows">
        <Item>
          <IdeaActionID>HideAllWindows</IdeaActionID>
          <ShortCut>'⇧⌘F12'</ShortCut>
          <Description>Hide All Windows</Description>
          <Count>400</Count>
        </Item>
      </Statistic>
      <Statistic Action="Hierarchy">
        <Item>
          <IdeaActionID>ActivateHierarchyToolWindow</IdeaActionID>
          <ShortCut>'⌘8'</ShortCut>
          <Description>Hierarchy</Description>
          <Count>1</Count>
        </Item>
      </Statistic>
      <Statistic Action="Jump to Navigation Bar">
        <Item>
          <IdeaActionID>ShowNavBar</IdeaActionID>
          <ShortCut>'⌘↑' or '⌥↖'</ShortCut>
          <Description>Jump to Navigation Bar</Description>
          <Count>1</Count>
        </Item>
      </Statistic>
      <Statistic Action="Messages">
        <Item>
          <IdeaActionID>ActivateMessagesToolWindow</IdeaActionID>
          <ShortCut>'⌘0'</ShortCut>
          <Description>Messages</Description>
          <Count>1</Count>
        </Item>
      </Statistic>
      <Statistic Action="Move...">
        <Item>
          <IdeaActionID>Move</IdeaActionID>
          <ShortCut>'F6'</ShortCut>
          <Description>Move...</Description>
          <Count>4</Count>
        </Item>
      </Statistic>
      <Statistic Action="Next Project Window">
        <Item>
          <IdeaActionID>NextProjectWindow</IdeaActionID>
          <ShortCut>'⌘`'</ShortCut>
          <Description>Next Project Window</Description>
          <Count>1</Count>
        </Item>
      </Statistic>
      <Statistic Action="Open Library Settings">
        <Item>
          <IdeaActionID>EditSource</IdeaActionID>
          <ShortCut>'⌘↓' or 'F4'</ShortCut>
          <Description>Open Library Settings</Description>
          <Count>2</Count>
        </Item>
      </Statistic>
      <Statistic Action="Open Module Settings">
        <Item>
          <IdeaActionID>OpenModuleSettings</IdeaActionID>
          <ShortCut>'⌘↓' or 'F4'</ShortCut>
          <Description>Open Module Settings</Description>
          <Count>91</Count>
        </Item>
      </Statistic>
      <Statistic Action="Paste">
        <Item>
          <IdeaActionID>$Paste</IdeaActionID>
          <ShortCut>'⌘V'</ShortCut>
          <Description>Paste</Description>
          <Count>1</Count>
        </Item>
      </Statistic>
      <Statistic Action="Paste Simple">
        <Item>
          <IdeaActionID>EditorPasteSimple</IdeaActionID>
          <ShortCut>'⌥⇧⌘V'</ShortCut>
          <Description>Paste Simple</Description>
          <Count>2</Count>
        </Item>
      </Statistic>
      <Statistic Action="Project">
        <Item>
          <IdeaActionID>ActivateProjectToolWindow</IdeaActionID>
          <ShortCut>'⌘1'</ShortCut>
          <Description>Project</Description>
          <Count>301</Count>
        </Item>
      </Statistic>
      <Statistic Action="Project Structure...">
        <Item>
          <IdeaActionID>ShowProjectStructureSettings</IdeaActionID>
          <ShortCut>'⌘;'</ShortCut>
          <Description>Project Structure...</Description>
          <Count>1</Count>
        </Item>
      </Statistic>
      <Statistic Action="Reformat Code">
        <Item>
          <IdeaActionID>ReformatCode</IdeaActionID>
          <ShortCut>'⌥⌘L'</ShortCut>
          <Description>Reformat Code</Description>
          <Count>13</Count>
        </Item>
      </Statistic>
      <Statistic Action="Reimport All Maven Projects">
        <Item>
          <IdeaActionID>Maven.Reimport</IdeaActionID>
          <ShortCut>'⇧⌘I'</ShortCut>
          <Description>Reimport All Maven Projects</Description>
          <Count>2</Count>
        </Item>
      </Statistic>
      <Statistic Action="Remove Watch">
        <Item>
          <IdeaActionID>XDebugger.RemoveWatch</IdeaActionID>
          <ShortCut>'⌦' or '⌫' or '⌘⌫'</ShortCut>
          <Description>Remove Watch</Description>
          <Count>1</Count>
        </Item>
      </Statistic>
      <Statistic Action="Rename...">
        <Item>
          <IdeaActionID>RenameElement</IdeaActionID>
          <ShortCut>'⇧F6'</ShortCut>
          <Description>Rename...</Description>
          <Count>6</Count>
        </Item>
      </Statistic>
      <Statistic Action="Rerun">
        <Item>
          <IdeaActionID>UsageView.Rerun</IdeaActionID>
          <ShortCut>'⌘R'</ShortCut>
          <Description>Rerun</Description>
          <Count>1</Count>
        </Item>
      </Statistic>
      <Statistic Action="Rerun 'HttpApp'">
        <Item>
          <IdeaActionID>Rerun</IdeaActionID>
          <ShortCut>'⌘R'</ShortCut>
          <Description>Rerun 'HttpApp'</Description>
          <Count>1</Count>
        </Item>
      </Statistic>
      <Statistic Action="Rerun 'InfinispanAeronClient'">
        <Item>
          <IdeaActionID>Rerun</IdeaActionID>
          <ShortCut>'⌘R'</ShortCut>
          <Description>Rerun 'InfinispanAeronClient'</Description>
          <Count>8</Count>
        </Item>
      </Statistic>
      <Statistic Action="Rerun 'InfinispanAeronServer'">
        <Item>
          <IdeaActionID>Rerun</IdeaActionID>
          <ShortCut>'⌘R'</ShortCut>
          <Description>Rerun 'InfinispanAeronServer'</Description>
          <Count>9</Count>
        </Item>
      </Statistic>
      <Statistic Action="Rerun 'InfinispanCacheJPAFunctionalityTest (log4j2)'">
        <Item>
          <IdeaActionID>Rerun</IdeaActionID>
          <ShortCut>'⌘R'</ShortCut>
          <Description>Rerun 'InfinispanCacheJPAFunctionalityTest (log4j2)'</Description>
          <Count>1</Count>
        </Item>
      </Statistic>
      <Statistic Action="Rerun 'LowLatencyMediaDriver'">
        <Item>
          <IdeaActionID>Rerun</IdeaActionID>
          <ShortCut>'⌘R'</ShortCut>
          <Description>Rerun 'LowLatencyMediaDriver'</Description>
          <Count>4</Count>
        </Item>
      </Statistic>
      <Statistic Action="Rerun 'Servers'">
        <Item>
          <IdeaActionID>Rerun</IdeaActionID>
          <ShortCut>'⌘R'</ShortCut>
          <Description>Rerun 'Servers'</Description>
          <Count>1</Count>
        </Item>
      </Statistic>
      <Statistic Action="Rerun 'VertxExample'">
        <Item>
          <IdeaActionID>Rerun</IdeaActionID>
          <ShortCut>'⌘R'</ShortCut>
          <Description>Rerun 'VertxExample'</Description>
          <Count>4</Count>
        </Item>
      </Statistic>
      <Statistic Action="Restore Windows">
        <Item>
          <IdeaActionID>HideAllWindows</IdeaActionID>
          <ShortCut>'⇧⌘F12'</ShortCut>
          <Description>Restore Windows</Description>
          <Count>26</Count>
        </Item>
      </Statistic>
      <Statistic Action="Resume Program">
        <Item>
          <IdeaActionID>Resume</IdeaActionID>
          <ShortCut>'⌥⌘R' or 'F9'</ShortCut>
          <Description>Resume Program</Description>
          <Count>2</Count>
        </Item>
      </Statistic>
      <Statistic Action="Revert...">
        <Item>
          <IdeaActionID>ChangesView.Revert</IdeaActionID>
          <ShortCut>'⌥⌘Z'</ShortCut>
          <Description>Revert...</Description>
          <Count>59</Count>
        </Item>
      </Statistic>
      <Statistic Action="Run">
        <Item>
          <IdeaActionID>ActivateRunToolWindow</IdeaActionID>
          <ShortCut>'⌘4'</ShortCut>
          <Description>Run</Description>
          <Count>87</Count>
        </Item>
      </Statistic>
      <Statistic Action="Run 'Application'">
        <Item>
          <IdeaActionID>RunClass</IdeaActionID>
          <ShortCut>'⌃⇧R'</ShortCut>
          <Description>Run 'Application'</Description>
          <Count>1</Count>
        </Item>
      </Statistic>
      <Statistic Action="Run 'Dashboard.main()'">
        <Item>
          <IdeaActionID>RunClass</IdeaActionID>
          <ShortCut>'⌃⇧R'</ShortCut>
          <Description>Run 'Dashboard.main()'</Description>
          <Count>1</Count>
        </Item>
      </Statistic>
      <Statistic Action="Run 'contains.js'">
        <Item>
          <IdeaActionID>RunClass</IdeaActionID>
          <ShortCut>'⌃⇧R'</ShortCut>
          <Description>Run 'contains.js'</Description>
          <Count>1</Count>
        </Item>
      </Statistic>
      <Statistic Action="Run 'customer_02094526_sp...'">
        <Item>
          <IdeaActionID>RunClass</IdeaActionID>
          <ShortCut>'⌃⇧R'</ShortCut>
          <Description>Run 'customer_02094526_sp...'</Description>
          <Count>1</Count>
        </Item>
      </Statistic>
      <Statistic Action="Run 'customer_02094526_v4...'">
        <Item>
          <IdeaActionID>RunClass</IdeaActionID>
          <ShortCut>'⌃⇧R'</ShortCut>
          <Description>Run 'customer_02094526_v4...'</Description>
          <Count>1</Count>
        </Item>
      </Statistic>
      <Statistic Action="Run 'elq_01_values.js'">
        <Item>
          <IdeaActionID>RunClass</IdeaActionID>
          <ShortCut>'⌃⇧R'</ShortCut>
          <Description>Run 'elq_01_values.js'</Description>
          <Count>1</Count>
        </Item>
      </Statistic>
      <Statistic Action="Run 'failedRouteWithSin...()'">
        <Item>
          <IdeaActionID>RunClass</IdeaActionID>
          <ShortCut>'⌃⇧R'</ShortCut>
          <Description>Run 'failedRouteWithSin...()'</Description>
          <Count>1</Count>
        </Item>
      </Statistic>
      <Statistic Action="Run 'fo_07_purity.js'">
        <Item>
          <IdeaActionID>RunClass</IdeaActionID>
          <ShortCut>'⌃⇧R'</ShortCut>
          <Description>Run 'fo_07_purity.js'</Description>
          <Count>1</Count>
        </Item>
      </Statistic>
      <Statistic Action="Run 'index.html'">
        <Item>
          <IdeaActionID>RunClass</IdeaActionID>
          <ShortCut>'⌃⇧R'</ShortCut>
          <Description>Run 'index.html'</Description>
          <Count>1</Count>
        </Item>
      </Statistic>
      <Statistic Action="Run 'infinispan_spec.js'">
        <Item>
          <IdeaActionID>RunClass</IdeaActionID>
          <ShortCut>'⌃⇧R'</ShortCut>
          <Description>Run 'infinispan_spec.js'</Description>
          <Count>1</Count>
        </Item>
      </Statistic>
      <Statistic Action="Run 'infinispan_tmp_spec....'">
        <Item>
          <IdeaActionID>RunClass</IdeaActionID>
          <ShortCut>'⌃⇧R'</ShortCut>
          <Description>Run 'infinispan_tmp_spec....'</Description>
          <Count>1</Count>
        </Item>
      </Statistic>
      <Statistic Action="Run 'matching.js'">
        <Item>
          <IdeaActionID>RunClass</IdeaActionID>
          <ShortCut>'⌃⇧R'</ShortCut>
          <Description>Run 'matching.js'</Description>
          <Count>1</Count>
        </Item>
      </Statistic>
      <Statistic Action="Run 'proxyDnsFailureCon...()'">
        <Item>
          <IdeaActionID>RunClass</IdeaActionID>
          <ShortCut>'⌃⇧R'</ShortCut>
          <Description>Run 'proxyDnsFailureCon...()'</Description>
          <Count>2</Count>
        </Item>
      </Statistic>
      <Statistic Action="Run 'singleRoute()'">
        <Item>
          <IdeaActionID>RunClass</IdeaActionID>
          <ShortCut>'⌃⇧R'</ShortCut>
          <Description>Run 'singleRoute()'</Description>
          <Count>1</Count>
        </Item>
      </Statistic>
      <Statistic Action="Run 'testAddMethodsForEntryCollecti...'">
        <Item>
          <IdeaActionID>RunClass</IdeaActionID>
          <ShortCut>'⌃⇧R'</ShortCut>
          <Description>Run 'testAddMethodsForEntryCollecti...'</Description>
          <Count>1</Count>
        </Item>
      </Statistic>
      <Statistic Action="Run 'testClientAuthAltCertPassowrd(...'">
        <Item>
          <IdeaActionID>RunClass</IdeaActionID>
          <ShortCut>'⌃⇧R'</ShortCut>
          <Description>Run 'testClientAuthAltCertPassowrd(...'</Description>
          <Count>1</Count>
        </Item>
      </Statistic>
      <Statistic Action="Run 'testComputeIfAbsent()'">
        <Item>
          <IdeaActionID>RunClass</IdeaActionID>
          <ShortCut>'⌃⇧R'</ShortCut>
          <Description>Run 'testComputeIfAbsent()'</Description>
          <Count>2</Count>
        </Item>
      </Statistic>
      <Statistic Action="Run 'testDistTypedExecNullReturn()'">
        <Item>
          <IdeaActionID>RunClass</IdeaActionID>
          <ShortCut>'⌃⇧R'</ShortCut>
          <Description>Run 'testDistTypedExecNullReturn()'</Description>
          <Count>1</Count>
        </Item>
      </Statistic>
      <Statistic Action="Run 'testPutIfAbsent()'">
        <Item>
          <IdeaActionID>RunClass</IdeaActionID>
          <ShortCut>'⌃⇧R'</ShortCut>
          <Description>Run 'testPutIfAbsent()'</Description>
          <Count>1</Count>
        </Item>
      </Statistic>
      <Statistic Action="Run 'testPutOnTopologyCache()'">
        <Item>
          <IdeaActionID>RunClass</IdeaActionID>
          <ShortCut>'⌃⇧R'</ShortCut>
          <Description>Run 'testPutOnTopologyCache()'</Description>
          <Count>1</Count>
        </Item>
      </Statistic>
      <Statistic Action="Run 'testRemoveUpdateEx...()'">
        <Item>
          <IdeaActionID>RunClass</IdeaActionID>
          <ShortCut>'⌃⇧R'</ShortCut>
          <Description>Run 'testRemoveUpdateEx...()'</Description>
          <Count>1</Count>
        </Item>
      </Statistic>
      <Statistic Action="Save All">
        <Item>
          <IdeaActionID>SaveAll</IdeaActionID>
          <ShortCut>'⌘S'</ShortCut>
          <Description>Save All</Description>
          <Count>2</Count>
        </Item>
      </Statistic>
      <Statistic Action="Scratch File">
        <Item>
          <IdeaActionID>NewScratchFile</IdeaActionID>
          <ShortCut>'⇧⌘N'</ShortCut>
          <Description>Scratch File</Description>
          <Count>1</Count>
        </Item>
      </Statistic>
      <Statistic Action="Show Dependencies Popup...">
        <Item>
          <IdeaActionID>ShowUmlDiagramPopup</IdeaActionID>
          <ShortCut>'⌥⌘U'</ShortCut>
          <Description>Show Dependencies Popup...</Description>
          <Count>1</Count>
        </Item>
      </Statistic>
      <Statistic Action="Show Dependencies...">
        <Item>
          <IdeaActionID>ShowUmlDiagram</IdeaActionID>
          <ShortCut>'⌥⇧⌘U'</ShortCut>
          <Description>Show Dependencies...</Description>
          <Count>19</Count>
        </Item>
      </Statistic>
      <Statistic Action="Show Diff">
        <Item>
          <IdeaActionID>Diff.ShowDiff</IdeaActionID>
          <ShortCut>'⌘D'</ShortCut>
          <Description>Show Diff</Description>
          <Count>3</Count>
        </Item>
      </Statistic>
      <Statistic Action="Stop '(continuous) InfinispanCacheJPAFunctionalityTest (log4j2)'">
        <Item>
          <IdeaActionID>Stop</IdeaActionID>
          <ShortCut>'⌘F2'</ShortCut>
          <Description>Stop '(continuous) InfinispanCacheJPAFunctionalityTest (log4j2)'</Description>
          <Count>3</Count>
        </Item>
      </Statistic>
      <Statistic Action="Stop '5.3 CorrectnessTestCase$NonJta'">
        <Item>
          <IdeaActionID>Stop</IdeaActionID>
          <ShortCut>'⌘F2'</ShortCut>
          <Description>Stop '5.3 CorrectnessTestCase$NonJta'</Description>
          <Count>9</Count>
        </Item>
      </Statistic>
      <Statistic Action="Stop 'AeronStat'">
        <Item>
          <IdeaActionID>Stop</IdeaActionID>
          <ShortCut>'⌘F2'</ShortCut>
          <Description>Stop 'AeronStat'</Description>
          <Count>1</Count>
        </Item>
      </Statistic>
      <Statistic Action="Stop 'AnnotationSpecTest.defaultAnnotation'">
        <Item>
          <IdeaActionID>Stop</IdeaActionID>
          <ShortCut>'⌘F2'</ShortCut>
          <Description>Stop 'AnnotationSpecTest.defaultAnnotation'</Description>
          <Count>3</Count>
        </Item>
      </Statistic>
      <Statistic Action="Stop 'AnyAsyncMapV1Test'">
        <Item>
          <IdeaActionID>Stop</IdeaActionID>
          <ShortCut>'⌘F2'</ShortCut>
          <Description>Stop 'AnyAsyncMapV1Test'</Description>
          <Count>4</Count>
        </Item>
      </Statistic>
      <Statistic Action="Stop 'AnyRxMapV1Test'">
        <Item>
          <IdeaActionID>Stop</IdeaActionID>
          <ShortCut>'⌘F2'</ShortCut>
          <Description>Stop 'AnyRxMapV1Test'</Description>
          <Count>1</Count>
        </Item>
      </Statistic>
      <Statistic Action="Stop 'AnyRxMapV1Test.test001'">
        <Item>
          <IdeaActionID>Stop</IdeaActionID>
          <ShortCut>'⌘F2'</ShortCut>
          <Description>Stop 'AnyRxMapV1Test.test001'</Description>
          <Count>12</Count>
        </Item>
      </Statistic>
      <Statistic Action="Stop 'AsyncClient'">
        <Item>
          <IdeaActionID>Stop</IdeaActionID>
          <ShortCut>'⌘F2'</ShortCut>
          <Description>Stop 'AsyncClient'</Description>
          <Count>12</Count>
        </Item>
      </Statistic>
      <Statistic Action="Stop 'AsyncDnsTest'">
        <Item>
          <IdeaActionID>Stop</IdeaActionID>
          <ShortCut>'⌘F2'</ShortCut>
          <Description>Stop 'AsyncDnsTest'</Description>
          <Count>8</Count>
        </Item>
      </Statistic>
      <Statistic Action="Stop 'AsyncRouteSelectorTest.proxyDnsFailureContinuesToNextProxy'">
        <Item>
          <IdeaActionID>Stop</IdeaActionID>
          <ShortCut>'⌘F2'</ShortCut>
          <Description>Stop 'AsyncRouteSelectorTest.proxyDnsFailureContinuesToNextProxy'</Description>
          <Count>6</Count>
        </Item>
      </Statistic>
      <Statistic Action="Stop 'AsyncRouteSelectorTest.singleRoute'">
        <Item>
          <IdeaActionID>Stop</IdeaActionID>
          <ShortCut>'⌘F2'</ShortCut>
          <Description>Stop 'AsyncRouteSelectorTest.singleRoute'</Description>
          <Count>2</Count>
        </Item>
      </Statistic>
      <Statistic Action="Stop 'BasicPublisher'">
        <Item>
          <IdeaActionID>Stop</IdeaActionID>
          <ShortCut>'⌘F2'</ShortCut>
          <Description>Stop 'BasicPublisher'</Description>
          <Count>3</Count>
        </Item>
      </Statistic>
      <Statistic Action="Stop 'BasicSubscriber'">
        <Item>
          <IdeaActionID>Stop</IdeaActionID>
          <ShortCut>'⌘F2'</ShortCut>
          <Description>Stop 'BasicSubscriber'</Description>
          <Count>3</Count>
        </Item>
      </Statistic>
      <Statistic Action="Stop 'BulkOperationsTest'">
        <Item>
          <IdeaActionID>Stop</IdeaActionID>
          <ShortCut>'⌘F2'</ShortCut>
          <Description>Stop 'BulkOperationsTest'</Description>
          <Count>20</Count>
        </Item>
      </Statistic>
      <Statistic Action="Stop 'CacheAPIPessimisticTest'">
        <Item>
          <IdeaActionID>Stop</IdeaActionID>
          <ShortCut>'⌘F2'</ShortCut>
          <Description>Stop 'CacheAPIPessimisticTest'</Description>
          <Count>5</Count>
        </Item>
      </Statistic>
      <Statistic Action="Stop 'CacheAPIPessimisticTest.testAddMethodsForEntryCollection'">
        <Item>
          <IdeaActionID>Stop</IdeaActionID>
          <ShortCut>'⌘F2'</ShortCut>
          <Description>Stop 'CacheAPIPessimisticTest.testAddMethodsForEntryCollection'</Description>
          <Count>1</Count>
        </Item>
      </Statistic>
      <Statistic Action="Stop 'CacheAdminTest'">
        <Item>
          <IdeaActionID>Stop</IdeaActionID>
          <ShortCut>'⌘F2'</ShortCut>
          <Description>Stop 'CacheAdminTest'</Description>
          <Count>1</Count>
        </Item>
      </Statistic>
      <Statistic Action="Stop 'CacheExpiryTest'">
        <Item>
          <IdeaActionID>Stop</IdeaActionID>
          <ShortCut>'⌘F2'</ShortCut>
          <Description>Stop 'CacheExpiryTest'</Description>
          <Count>10</Count>
        </Item>
      </Statistic>
      <Statistic Action="Stop 'CacheListenerTest'">
        <Item>
          <IdeaActionID>Stop</IdeaActionID>
          <ShortCut>'⌘F2'</ShortCut>
          <Description>Stop 'CacheListenerTest'</Description>
          <Count>5</Count>
        </Item>
      </Statistic>
      <Statistic Action="Stop 'CacheLoaderTest'">
        <Item>
          <IdeaActionID>Stop</IdeaActionID>
          <ShortCut>'⌘F2'</ShortCut>
          <Description>Stop 'CacheLoaderTest'</Description>
          <Count>3</Count>
        </Item>
      </Statistic>
      <Statistic Action="Stop 'CacheNotifierTest'">
        <Item>
          <IdeaActionID>Stop</IdeaActionID>
          <ShortCut>'⌘F2'</ShortCut>
          <Description>Stop 'CacheNotifierTest'</Description>
          <Count>1</Count>
        </Item>
      </Statistic>
      <Statistic Action="Stop 'CacheRegionEvictTest'">
        <Item>
          <IdeaActionID>Stop</IdeaActionID>
          <ShortCut>'⌘F2'</ShortCut>
          <Description>Stop 'CacheRegionEvictTest'</Description>
          <Count>2</Count>
        </Item>
      </Statistic>
      <Statistic Action="Stop 'CacheRegionMaxSizeTest [*]'">
        <Item>
          <IdeaActionID>Stop</IdeaActionID>
          <ShortCut>'⌘F2'</ShortCut>
          <Description>Stop 'CacheRegionMaxSizeTest [*]'</Description>
          <Count>4</Count>
        </Item>
      </Statistic>
      <Statistic Action="Stop 'CacheRegionMaxSizeTest'">
        <Item>
          <IdeaActionID>Stop</IdeaActionID>
          <ShortCut>'⌘F2'</ShortCut>
          <Description>Stop 'CacheRegionMaxSizeTest'</Description>
          <Count>1</Count>
        </Item>
      </Statistic>
      <Statistic Action="Stop 'CallTest.connectTimeoutsAttemptsAlternateRoute'">
        <Item>
          <IdeaActionID>Stop</IdeaActionID>
          <ShortCut>'⌘F2'</ShortCut>
          <Description>Stop 'CallTest.connectTimeoutsAttemptsAlternateRoute'</Description>
          <Count>1</Count>
        </Item>
      </Statistic>
      <Statistic Action="Stop 'CharacterPoet'">
        <Item>
          <IdeaActionID>Stop</IdeaActionID>
          <ShortCut>'⌘F2'</ShortCut>
          <Description>Stop 'CharacterPoet'</Description>
          <Count>1</Count>
        </Item>
      </Statistic>
      <Statistic Action="Stop 'ClientEventFilterAndClearTest'">
        <Item>
          <IdeaActionID>Stop</IdeaActionID>
          <ShortCut>'⌘F2'</ShortCut>
          <Description>Stop 'ClientEventFilterAndClearTest'</Description>
          <Count>1</Count>
        </Item>
      </Statistic>
      <Statistic Action="Stop 'ClientListenerParamsOverrideTest'">
        <Item>
          <IdeaActionID>Stop</IdeaActionID>
          <ShortCut>'⌘F2'</ShortCut>
          <Description>Stop 'ClientListenerParamsOverrideTest'</Description>
          <Count>2</Count>
        </Item>
      </Statistic>
      <Statistic Action="Stop 'CodeBlockTest.singleQuoteCharacterInLiteral'">
        <Item>
          <IdeaActionID>Stop</IdeaActionID>
          <ShortCut>'⌘F2'</ShortCut>
          <Description>Stop 'CodeBlockTest.singleQuoteCharacterInLiteral'</Description>
          <Count>1</Count>
        </Item>
      </Statistic>
      <Statistic Action="Stop 'CollectionRegionAccessStrategyTest'">
        <Item>
          <IdeaActionID>Stop</IdeaActionID>
          <ShortCut>'⌘F2'</ShortCut>
          <Description>Stop 'CollectionRegionAccessStrategyTest'</Description>
          <Count>27</Count>
        </Item>
      </Statistic>
      <Statistic Action="Stop 'CollectionRegionImplTest'">
        <Item>
          <IdeaActionID>Stop</IdeaActionID>
          <ShortCut>'⌘F2'</ShortCut>
          <Description>Stop 'CollectionRegionImplTest'</Description>
          <Count>8</Count>
        </Item>
      </Statistic>
      <Statistic Action="Stop 'CompletableFutures'">
        <Item>
          <IdeaActionID>Stop</IdeaActionID>
          <ShortCut>'⌘F2'</ShortCut>
          <Description>Stop 'CompletableFutures'</Description>
          <Count>3</Count>
        </Item>
      </Statistic>
      <Statistic Action="Stop 'CompletableFuturesNotOk'">
        <Item>
          <IdeaActionID>Stop</IdeaActionID>
          <ShortCut>'⌘F2'</ShortCut>
          <Description>Stop 'CompletableFuturesNotOk'</Description>
          <Count>2</Count>
        </Item>
      </Statistic>
      <Statistic Action="Stop 'CompletableFuturesOk'">
        <Item>
          <IdeaActionID>Stop</IdeaActionID>
          <ShortCut>'⌘F2'</ShortCut>
          <Description>Stop 'CompletableFuturesOk'</Description>
          <Count>6</Count>
        </Item>
      </Statistic>
      <Statistic Action="Stop 'CompleteShutdownDistRetryTest'">
        <Item>
          <IdeaActionID>Stop</IdeaActionID>
          <ShortCut>'⌘F2'</ShortCut>
          <Description>Stop 'CompleteShutdownDistRetryTest'</Description>
          <Count>8</Count>
        </Item>
      </Statistic>
      <Statistic Action="Stop 'ConcurrentRemoveUpdate'">
        <Item>
          <IdeaActionID>Stop</IdeaActionID>
          <ShortCut>'⌘F2'</ShortCut>
          <Description>Stop 'ConcurrentRemoveUpdate'</Description>
          <Count>27</Count>
        </Item>
      </Statistic>
      <Statistic Action="Stop 'ConfigurationTest'">
        <Item>
          <IdeaActionID>Stop</IdeaActionID>
          <ShortCut>'⌘F2'</ShortCut>
          <Description>Stop 'ConfigurationTest'</Description>
          <Count>2</Count>
        </Item>
      </Statistic>
      <Statistic Action="Stop 'CorrectnessTestCase$NonJta'">
        <Item>
          <IdeaActionID>Stop</IdeaActionID>
          <ShortCut>'⌘F2'</ShortCut>
          <Description>Stop 'CorrectnessTestCase$NonJta'</Description>
          <Count>14</Count>
        </Item>
      </Statistic>
      <Statistic Action="Stop 'CorrectnessTestCase$NonJta-v53'">
        <Item>
          <IdeaActionID>Stop</IdeaActionID>
          <ShortCut>'⌘F2'</ShortCut>
          <Description>Stop 'CorrectnessTestCase$NonJta-v53'</Description>
          <Count>2</Count>
        </Item>
      </Statistic>
      <Statistic Action="Stop 'CorrectnessTestCase$NonJta_53'">
        <Item>
          <IdeaActionID>Stop</IdeaActionID>
          <ShortCut>'⌘F2'</ShortCut>
          <Description>Stop 'CorrectnessTestCase$NonJta_53'</Description>
          <Count>3</Count>
        </Item>
      </Statistic>
      <Statistic Action="Stop 'CreateOffHeapCache'">
        <Item>
          <IdeaActionID>Stop</IdeaActionID>
          <ShortCut>'⌘F2'</ShortCut>
          <Description>Stop 'CreateOffHeapCache'</Description>
          <Count>6</Count>
        </Item>
      </Statistic>
      <Statistic Action="Stop 'Dashboard (Google)'">
        <Item>
          <IdeaActionID>Stop</IdeaActionID>
          <ShortCut>'⌘F2'</ShortCut>
          <Description>Stop 'Dashboard (Google)'</Description>
          <Count>12</Count>
        </Item>
      </Statistic>
      <Statistic Action="Stop 'Dashboard (Minishift)'">
        <Item>
          <IdeaActionID>Stop</IdeaActionID>
          <ShortCut>'⌘F2'</ShortCut>
          <Description>Stop 'Dashboard (Minishift)'</Description>
          <Count>7</Count>
        </Item>
      </Statistic>
      <Statistic Action="Stop 'Dashboard'">
        <Item>
          <IdeaActionID>Stop</IdeaActionID>
          <ShortCut>'⌘F2'</ShortCut>
          <Description>Stop 'Dashboard'</Description>
          <Count>92</Count>
        </Item>
      </Statistic>
      <Statistic Action="Stop 'DatagridFeeder'">
        <Item>
          <IdeaActionID>Stop</IdeaActionID>
          <ShortCut>'⌘F2'</ShortCut>
          <Description>Stop 'DatagridFeeder'</Description>
          <Count>32</Count>
        </Item>
      </Statistic>
      <Statistic Action="Stop 'DelayedDashboard'">
        <Item>
          <IdeaActionID>Stop</IdeaActionID>
          <ShortCut>'⌘F2'</ShortCut>
          <Description>Stop 'DelayedDashboard'</Description>
          <Count>119</Count>
        </Item>
      </Statistic>
      <Statistic Action="Stop 'DistTopologyChangeUnderLoadTest'">
        <Item>
          <IdeaActionID>Stop</IdeaActionID>
          <ShortCut>'⌘F2'</ShortCut>
          <Description>Stop 'DistTopologyChangeUnderLoadTest'</Description>
          <Count>1</Count>
        </Item>
      </Statistic>
      <Statistic Action="Stop 'DistributedStreamTest.testObjCollectorIntAverager'">
        <Item>
          <IdeaActionID>Stop</IdeaActionID>
          <ShortCut>'⌘F2'</ShortCut>
          <Description>Stop 'DistributedStreamTest.testObjCollectorIntAverager'</Description>
          <Count>2</Count>
        </Item>
      </Statistic>
      <Statistic Action="Stop 'EntitiesAndCollectionsInSameRegionTest'">
        <Item>
          <IdeaActionID>Stop</IdeaActionID>
          <ShortCut>'⌘F2'</ShortCut>
          <Description>Stop 'EntitiesAndCollectionsInSameRegionTest'</Description>
          <Count>8</Count>
        </Item>
      </Statistic>
      <Statistic Action="Stop 'EntityCollectionInvalidationTest'">
        <Item>
          <IdeaActionID>Stop</IdeaActionID>
          <ShortCut>'⌘F2'</ShortCut>
          <Description>Stop 'EntityCollectionInvalidationTest'</Description>
          <Count>2</Count>
        </Item>
      </Statistic>
      <Statistic Action="Stop 'EntityRegionAccessStrategyTest'">
        <Item>
          <IdeaActionID>Stop</IdeaActionID>
          <ShortCut>'⌘F2'</ShortCut>
          <Description>Stop 'EntityRegionAccessStrategyTest'</Description>
          <Count>19</Count>
        </Item>
      </Statistic>
      <Statistic Action="Stop 'EqualityTest'">
        <Item>
          <IdeaActionID>Stop</IdeaActionID>
          <ShortCut>'⌘F2'</ShortCut>
          <Description>Stop 'EqualityTest'</Description>
          <Count>14</Count>
        </Item>
      </Statistic>
      <Statistic Action="Stop 'Ex_15_5_CallInOrder'">
        <Item>
          <IdeaActionID>Stop</IdeaActionID>
          <ShortCut>'⌘F2'</ShortCut>
          <Description>Stop 'Ex_15_5_CallInOrder'</Description>
          <Count>3</Count>
        </Item>
      </Statistic>
      <Statistic Action="Stop 'Ex_8_11_Coins'">
        <Item>
          <IdeaActionID>Stop</IdeaActionID>
          <ShortCut>'⌘F2'</ShortCut>
          <Description>Stop 'Ex_8_11_Coins'</Description>
          <Count>4</Count>
        </Item>
      </Statistic>
      <Statistic Action="Stop 'ExecTypedTest'">
        <Item>
          <IdeaActionID>Stop</IdeaActionID>
          <ShortCut>'⌘F2'</ShortCut>
          <Description>Stop 'ExecTypedTest'</Description>
          <Count>3</Count>
        </Item>
      </Statistic>
      <Statistic Action="Stop 'ExecTypedTest.testDistTypedExecNullReturn'">
        <Item>
          <IdeaActionID>Stop</IdeaActionID>
          <ShortCut>'⌘F2'</ShortCut>
          <Description>Stop 'ExecTypedTest.testDistTypedExecNullReturn'</Description>
          <Count>2</Count>
        </Item>
      </Statistic>
      <Statistic Action="Stop 'ExecTypedTest.testLocalTypedExecNullReturn'">
        <Item>
          <IdeaActionID>Stop</IdeaActionID>
          <ShortCut>'⌘F2'</ShortCut>
          <Description>Stop 'ExecTypedTest.testLocalTypedExecNullReturn'</Description>
          <Count>4</Count>
        </Item>
      </Statistic>
      <Statistic Action="Stop 'FeedProviderApplication'">
        <Item>
          <IdeaActionID>Stop</IdeaActionID>
          <ShortCut>'⌘F2'</ShortCut>
          <Description>Stop 'FeedProviderApplication'</Description>
          <Count>1</Count>
        </Item>
      </Statistic>
      <Statistic Action="Stop 'FxApp'">
        <Item>
          <IdeaActionID>Stop</IdeaActionID>
          <ShortCut>'⌘F2'</ShortCut>
          <Description>Stop 'FxApp'</Description>
          <Count>3</Count>
        </Item>
      </Statistic>
      <Statistic Action="Stop 'GenericsV8'">
        <Item>
          <IdeaActionID>Stop</IdeaActionID>
          <ShortCut>'⌘F2'</ShortCut>
          <Description>Stop 'GenericsV8'</Description>
          <Count>3</Count>
        </Item>
      </Statistic>
      <Statistic Action="Stop 'H2DatabaseLifecycleManager'">
        <Item>
          <IdeaActionID>Stop</IdeaActionID>
          <ShortCut>'⌘F2'</ShortCut>
          <Description>Stop 'H2DatabaseLifecycleManager'</Description>
          <Count>1</Count>
        </Item>
      </Statistic>
      <Statistic Action="Stop 'H2DatabaseTestResourceLifecycleManager (1)'">
        <Item>
          <IdeaActionID>Stop</IdeaActionID>
          <ShortCut>'⌘F2'</ShortCut>
          <Description>Stop 'H2DatabaseTestResourceLifecycleManager (1)'</Description>
          <Count>2</Count>
        </Item>
      </Statistic>
      <Statistic Action="Stop 'H2DatabaseTestResourceLifecycleManager'">
        <Item>
          <IdeaActionID>Stop</IdeaActionID>
          <ShortCut>'⌘F2'</ShortCut>
          <Description>Stop 'H2DatabaseTestResourceLifecycleManager'</Description>
          <Count>1</Count>
        </Item>
      </Statistic>
      <Statistic Action="Stop 'Hello'">
        <Item>
          <IdeaActionID>Stop</IdeaActionID>
          <ShortCut>'⌘F2'</ShortCut>
          <Description>Stop 'Hello'</Description>
          <Count>1</Count>
        </Item>
      </Statistic>
      <Statistic Action="Stop 'HotRodFunctionalTest'">
        <Item>
          <IdeaActionID>Stop</IdeaActionID>
          <ShortCut>'⌘F2'</ShortCut>
          <Description>Stop 'HotRodFunctionalTest'</Description>
          <Count>3</Count>
        </Item>
      </Statistic>
      <Statistic Action="Stop 'HotRodFunctionalTest.testPutOnTopologyCache'">
        <Item>
          <IdeaActionID>Stop</IdeaActionID>
          <ShortCut>'⌘F2'</ShortCut>
          <Description>Stop 'HotRodFunctionalTest.testPutOnTopologyCache'</Description>
          <Count>2</Count>
        </Item>
      </Statistic>
      <Statistic Action="Stop 'HttpApp'">
        <Item>
          <IdeaActionID>Stop</IdeaActionID>
          <ShortCut>'⌘F2'</ShortCut>
          <Description>Stop 'HttpApp'</Description>
          <Count>17</Count>
        </Item>
      </Statistic>
      <Statistic Action="Stop 'HttpOverHttp2Test [*]'">
        <Item>
          <IdeaActionID>Stop</IdeaActionID>
          <ShortCut>'⌘F2'</ShortCut>
          <Description>Stop 'HttpOverHttp2Test [*]'</Description>
          <Count>1</Count>
        </Item>
      </Statistic>
      <Statistic Action="Stop 'HttpOverHttp2Test.recoverFromCancelReusesConnection [*]'">
        <Item>
          <IdeaActionID>Stop</IdeaActionID>
          <ShortCut>'⌘F2'</ShortCut>
          <Description>Stop 'HttpOverHttp2Test.recoverFromCancelReusesConnection [*]'</Description>
          <Count>2</Count>
        </Item>
      </Statistic>
      <Statistic Action="Stop 'IndexlessQuerying'">
        <Item>
          <IdeaActionID>Stop</IdeaActionID>
          <ShortCut>'⌘F2'</ShortCut>
          <Description>Stop 'IndexlessQuerying'</Description>
          <Count>1</Count>
        </Item>
      </Statistic>
      <Statistic Action="Stop 'InfinispanAeronClient'">
        <Item>
          <IdeaActionID>Stop</IdeaActionID>
          <ShortCut>'⌘F2'</ShortCut>
          <Description>Stop 'InfinispanAeronClient'</Description>
          <Count>27</Count>
        </Item>
      </Statistic>
      <Statistic Action="Stop 'InfinispanAeronServer'">
        <Item>
          <IdeaActionID>Stop</IdeaActionID>
          <ShortCut>'⌘F2'</ShortCut>
          <Description>Stop 'InfinispanAeronServer'</Description>
          <Count>32</Count>
        </Item>
      </Statistic>
      <Statistic Action="Stop 'InfinispanCacheJPACorrectnessTest (1)'">
        <Item>
          <IdeaActionID>Stop</IdeaActionID>
          <ShortCut>'⌘F2'</ShortCut>
          <Description>Stop 'InfinispanCacheJPACorrectnessTest (1)'</Description>
          <Count>3</Count>
        </Item>
      </Statistic>
      <Statistic Action="Stop 'InfinispanCacheJPACorrectnessTest'">
        <Item>
          <IdeaActionID>Stop</IdeaActionID>
          <ShortCut>'⌘F2'</ShortCut>
          <Description>Stop 'InfinispanCacheJPACorrectnessTest'</Description>
          <Count>49</Count>
        </Item>
      </Statistic>
      <Statistic Action="Stop 'InfinispanCacheJPAFunctionalityTest (log4j2)'">
        <Item>
          <IdeaActionID>Stop</IdeaActionID>
          <ShortCut>'⌘F2'</ShortCut>
          <Description>Stop 'InfinispanCacheJPAFunctionalityTest (log4j2)'</Description>
          <Count>1</Count>
        </Item>
      </Statistic>
      <Statistic Action="Stop 'InfinispanCacheJPAFunctionalityTest'">
        <Item>
          <IdeaActionID>Stop</IdeaActionID>
          <ShortCut>'⌘F2'</ShortCut>
          <Description>Stop 'InfinispanCacheJPAFunctionalityTest'</Description>
          <Count>83</Count>
        </Item>
      </Statistic>
      <Statistic Action="Stop 'InfinispanCacheJPANonStrictCorrectnessTest'">
        <Item>
          <IdeaActionID>Stop</IdeaActionID>
          <ShortCut>'⌘F2'</ShortCut>
          <Description>Stop 'InfinispanCacheJPANonStrictCorrectnessTest'</Description>
          <Count>4</Count>
        </Item>
      </Statistic>
      <Statistic Action="Stop 'InfinispanCacheJPAReadWriteCorrectnessTest'">
        <Item>
          <IdeaActionID>Stop</IdeaActionID>
          <ShortCut>'⌘F2'</ShortCut>
          <Description>Stop 'InfinispanCacheJPAReadWriteCorrectnessTest'</Description>
          <Count>19</Count>
        </Item>
      </Statistic>
      <Statistic Action="Stop 'InfinispanEmbeddedAutoConfigurationPropertiesTest'">
        <Item>
          <IdeaActionID>Stop</IdeaActionID>
          <ShortCut>'⌘F2'</ShortCut>
          <Description>Stop 'InfinispanEmbeddedAutoConfigurationPropertiesTest'</Description>
          <Count>10</Count>
        </Item>
      </Statistic>
      <Statistic Action="Stop 'InfinispanHibernateCacheLocal'">
        <Item>
          <IdeaActionID>Stop</IdeaActionID>
          <ShortCut>'⌘F2'</ShortCut>
          <Description>Stop 'InfinispanHibernateCacheLocal'</Description>
          <Count>13</Count>
        </Item>
      </Statistic>
      <Statistic Action="Stop 'InfinispanRemoteCacheJPAFunctionalityTest'">
        <Item>
          <IdeaActionID>Stop</IdeaActionID>
          <ShortCut>'⌘F2'</ShortCut>
          <Description>Stop 'InfinispanRemoteCacheJPAFunctionalityTest'</Description>
          <Count>4</Count>
        </Item>
      </Statistic>
      <Statistic Action="Stop 'InfinispanServer'">
        <Item>
          <IdeaActionID>Stop</IdeaActionID>
          <ShortCut>'⌘F2'</ShortCut>
          <Description>Stop 'InfinispanServer'</Description>
          <Count>5</Count>
        </Item>
      </Statistic>
      <Statistic Action="Stop 'InjectVerticle'">
        <Item>
          <IdeaActionID>Stop</IdeaActionID>
          <ShortCut>'⌘F2'</ShortCut>
          <Description>Stop 'InjectVerticle'</Description>
          <Count>24</Count>
        </Item>
      </Statistic>
      <Statistic Action="Stop 'InterceptorTest.connectTimeout'">
        <Item>
          <IdeaActionID>Stop</IdeaActionID>
          <ShortCut>'⌘F2'</ShortCut>
          <Description>Stop 'InterceptorTest.connectTimeout'</Description>
          <Count>5</Count>
        </Item>
      </Statistic>
      <Statistic Action="Stop 'Listeners'">
        <Item>
          <IdeaActionID>Stop</IdeaActionID>
          <ShortCut>'⌘F2'</ShortCut>
          <Description>Stop 'Listeners'</Description>
          <Count>1</Count>
        </Item>
      </Statistic>
      <Statistic Action="Stop 'LowLatencyMediaDriver'">
        <Item>
          <IdeaActionID>Stop</IdeaActionID>
          <ShortCut>'⌘F2'</ShortCut>
          <Description>Stop 'LowLatencyMediaDriver'</Description>
          <Count>15</Count>
        </Item>
      </Statistic>
      <Statistic Action="Stop 'Main (1)'">
        <Item>
          <IdeaActionID>Stop</IdeaActionID>
          <ShortCut>'⌘F2'</ShortCut>
          <Description>Stop 'Main (1)'</Description>
          <Count>5</Count>
        </Item>
      </Statistic>
      <Statistic Action="Stop 'Main'">
        <Item>
          <IdeaActionID>Stop</IdeaActionID>
          <ShortCut>'⌘F2'</ShortCut>
          <Description>Stop 'Main'</Description>
          <Count>16</Count>
        </Item>
      </Statistic>
      <Statistic Action="Stop 'Maven'">
        <Item>
          <IdeaActionID>Stop</IdeaActionID>
          <ShortCut>'⌘F2'</ShortCut>
          <Description>Stop 'Maven'</Description>
          <Count>1</Count>
        </Item>
      </Statistic>
      <Statistic Action="Stop 'MethodSpecTest'">
        <Item>
          <IdeaActionID>Stop</IdeaActionID>
          <ShortCut>'⌘F2'</ShortCut>
          <Description>Stop 'MethodSpecTest'</Description>
          <Count>2</Count>
        </Item>
      </Statistic>
      <Statistic Action="Stop 'MethodSpecTest.overrideEverything'">
        <Item>
          <IdeaActionID>Stop</IdeaActionID>
          <ShortCut>'⌘F2'</ShortCut>
          <Description>Stop 'MethodSpecTest.overrideEverything'</Description>
          <Count>1</Count>
        </Item>
      </Statistic>
      <Statistic Action="Stop 'MisStreams'">
        <Item>
          <IdeaActionID>Stop</IdeaActionID>
          <ShortCut>'⌘F2'</ShortCut>
          <Description>Stop 'MisStreams'</Description>
          <Count>3</Count>
        </Item>
      </Statistic>
      <Statistic Action="Stop 'MultiCache'">
        <Item>
          <IdeaActionID>Stop</IdeaActionID>
          <ShortCut>'⌘F2'</ShortCut>
          <Description>Stop 'MultiCache'</Description>
          <Count>2</Count>
        </Item>
      </Statistic>
      <Statistic Action="Stop 'MultiVersionExample'">
        <Item>
          <IdeaActionID>Stop</IdeaActionID>
          <ShortCut>'⌘F2'</ShortCut>
          <Description>Stop 'MultiVersionExample'</Description>
          <Count>2</Count>
        </Item>
      </Statistic>
      <Statistic Action="Stop 'NaturalIdInvalidationTest'">
        <Item>
          <IdeaActionID>Stop</IdeaActionID>
          <ShortCut>'⌘F2'</ShortCut>
          <Description>Stop 'NaturalIdInvalidationTest'</Description>
          <Count>3</Count>
        </Item>
      </Statistic>
      <Statistic Action="Stop 'NonExistentNodeSiteDownFailoverTest'">
        <Item>
          <IdeaActionID>Stop</IdeaActionID>
          <ShortCut>'⌘F2'</ShortCut>
          <Description>Stop 'NonExistentNodeSiteDownFailoverTest'</Description>
          <Count>1</Count>
        </Item>
      </Statistic>
      <Statistic Action="Stop 'NonJta'">
        <Item>
          <IdeaActionID>Stop</IdeaActionID>
          <ShortCut>'⌘F2'</ShortCut>
          <Description>Stop 'NonJta'</Description>
          <Count>13</Count>
        </Item>
      </Statistic>
      <Statistic Action="Stop 'NonTxQueryTest [51]'">
        <Item>
          <IdeaActionID>Stop</IdeaActionID>
          <ShortCut>'⌘F2'</ShortCut>
          <Description>Stop 'NonTxQueryTest [51]'</Description>
          <Count>7</Count>
        </Item>
      </Statistic>
      <Statistic Action="Stop 'NonTxQueryTest'">
        <Item>
          <IdeaActionID>Stop</IdeaActionID>
          <ShortCut>'⌘F2'</ShortCut>
          <Description>Stop 'NonTxQueryTest'</Description>
          <Count>2</Count>
        </Item>
      </Statistic>
      <Statistic Action="Stop 'OpenshiftClient'">
        <Item>
          <IdeaActionID>Stop</IdeaActionID>
          <ShortCut>'⌘F2'</ShortCut>
          <Description>Stop 'OpenshiftClient'</Description>
          <Count>2</Count>
        </Item>
      </Statistic>
      <Statistic Action="Stop 'PartialFutureUpdateTest 5.3'">
        <Item>
          <IdeaActionID>Stop</IdeaActionID>
          <ShortCut>'⌘F2'</ShortCut>
          <Description>Stop 'PartialFutureUpdateTest 5.3'</Description>
          <Count>1</Count>
        </Item>
      </Statistic>
      <Statistic Action="Stop 'PartialUpdateTest'">
        <Item>
          <IdeaActionID>Stop</IdeaActionID>
          <ShortCut>'⌘F2'</ShortCut>
          <Description>Stop 'PartialUpdateTest'</Description>
          <Count>21</Count>
        </Item>
      </Statistic>
      <Statistic Action="Stop 'PlayerDashboard'">
        <Item>
          <IdeaActionID>Stop</IdeaActionID>
          <ShortCut>'⌘F2'</ShortCut>
          <Description>Stop 'PlayerDashboard'</Description>
          <Count>2</Count>
        </Item>
      </Statistic>
      <Statistic Action="Stop 'PokemonQueryTest'">
        <Item>
          <IdeaActionID>Stop</IdeaActionID>
          <ShortCut>'⌘F2'</ShortCut>
          <Description>Stop 'PokemonQueryTest'</Description>
          <Count>1</Count>
        </Item>
      </Statistic>
      <Statistic Action="Stop 'ProtobufMetadataXSiteStateTransferTest'">
        <Item>
          <IdeaActionID>Stop</IdeaActionID>
          <ShortCut>'⌘F2'</ShortCut>
          <Description>Stop 'ProtobufMetadataXSiteStateTransferTest'</Description>
          <Count>71</Count>
        </Item>
      </Statistic>
      <Statistic Action="Stop 'ProtobufMetadataXSiteTest'">
        <Item>
          <IdeaActionID>Stop</IdeaActionID>
          <ShortCut>'⌘F2'</ShortCut>
          <Description>Stop 'ProtobufMetadataXSiteTest'</Description>
          <Count>5</Count>
        </Item>
      </Statistic>
      <Statistic Action="Stop 'QueryStalenessTest'">
        <Item>
          <IdeaActionID>Stop</IdeaActionID>
          <ShortCut>'⌘F2'</ShortCut>
          <Description>Stop 'QueryStalenessTest'</Description>
          <Count>3</Count>
        </Item>
      </Statistic>
      <Statistic Action="Stop 'ReadOnlyTest'">
        <Item>
          <IdeaActionID>Stop</IdeaActionID>
          <ShortCut>'⌘F2'</ShortCut>
          <Description>Stop 'ReadOnlyTest'</Description>
          <Count>9</Count>
        </Item>
      </Statistic>
      <Statistic Action="Stop 'ReadWriteTest'">
        <Item>
          <IdeaActionID>Stop</IdeaActionID>
          <ShortCut>'⌘F2'</ShortCut>
          <Description>Stop 'ReadWriteTest'</Description>
          <Count>4</Count>
        </Item>
      </Statistic>
      <Statistic Action="Stop 'Remote Node.js (9229)'">
        <Item>
          <IdeaActionID>Stop</IdeaActionID>
          <ShortCut>'⌘F2'</ShortCut>
          <Description>Stop 'Remote Node.js (9229)'</Description>
          <Count>4</Count>
        </Item>
      </Statistic>
      <Statistic Action="Stop 'Remote Node.js'">
        <Item>
          <IdeaActionID>Stop</IdeaActionID>
          <ShortCut>'⌘F2'</ShortCut>
          <Description>Stop 'Remote Node.js'</Description>
          <Count>42</Count>
        </Item>
      </Statistic>
      <Statistic Action="Stop 'RemoteCacheAdminTest.testCreateFileStoreCache'">
        <Item>
          <IdeaActionID>Stop</IdeaActionID>
          <ShortCut>'⌘F2'</ShortCut>
          <Description>Stop 'RemoteCacheAdminTest.testCreateFileStoreCache'</Description>
          <Count>1</Count>
        </Item>
      </Statistic>
      <Statistic Action="Stop 'Rerun Failed Tests'">
        <Item>
          <IdeaActionID>Stop</IdeaActionID>
          <ShortCut>'⌘F2'</ShortCut>
          <Description>Stop 'Rerun Failed Tests'</Description>
          <Count>3</Count>
        </Item>
      </Statistic>
      <Statistic Action="Stop 'RingBufferWriteProcess'">
        <Item>
          <IdeaActionID>Stop</IdeaActionID>
          <ShortCut>'⌘F2'</ShortCut>
          <Description>Stop 'RingBufferWriteProcess'</Description>
          <Count>1</Count>
        </Item>
      </Statistic>
      <Statistic Action="Stop 'RouteSelectorTest.proxyDnsFailureContinuesToNextProxy'">
        <Item>
          <IdeaActionID>Stop</IdeaActionID>
          <ShortCut>'⌘F2'</ShortCut>
          <Description>Stop 'RouteSelectorTest.proxyDnsFailureContinuesToNextProxy'</Description>
          <Count>4</Count>
        </Item>
      </Statistic>
      <Statistic Action="Stop 'RouteSelectorTest.singleRoute'">
        <Item>
          <IdeaActionID>Stop</IdeaActionID>
          <ShortCut>'⌘F2'</ShortCut>
          <Description>Stop 'RouteSelectorTest.singleRoute'</Description>
          <Count>3</Count>
        </Item>
      </Statistic>
      <Statistic Action="Stop 'RxJava2'">
        <Item>
          <IdeaActionID>Stop</IdeaActionID>
          <ShortCut>'⌘F2'</ShortCut>
          <Description>Stop 'RxJava2'</Description>
          <Count>3</Count>
        </Item>
      </Statistic>
      <Statistic Action="Stop 'Server'">
        <Item>
          <IdeaActionID>Stop</IdeaActionID>
          <ShortCut>'⌘F2'</ShortCut>
          <Description>Stop 'Server'</Description>
          <Count>14</Count>
        </Item>
      </Statistic>
      <Statistic Action="Stop 'Servers'">
        <Item>
          <IdeaActionID>Stop</IdeaActionID>
          <ShortCut>'⌘F2'</ShortCut>
          <Description>Stop 'Servers'</Description>
          <Count>1</Count>
        </Item>
      </Statistic>
      <Statistic Action="Stop 'ShamrockConfigTest'">
        <Item>
          <IdeaActionID>Stop</IdeaActionID>
          <ShortCut>'⌘F2'</ShortCut>
          <Description>Stop 'ShamrockConfigTest'</Description>
          <Count>1</Count>
        </Item>
      </Statistic>
      <Statistic Action="Stop 'SharedObjectSpaces'">
        <Item>
          <IdeaActionID>Stop</IdeaActionID>
          <ShortCut>'⌘F2'</ShortCut>
          <Description>Stop 'SharedObjectSpaces'</Description>
          <Count>17</Count>
        </Item>
      </Statistic>
      <Statistic Action="Stop 'SingleServer'">
        <Item>
          <IdeaActionID>Stop</IdeaActionID>
          <ShortCut>'⌘F2'</ShortCut>
          <Description>Stop 'SingleServer'</Description>
          <Count>1</Count>
        </Item>
      </Statistic>
      <Statistic Action="Stop 'SiteDownFailoverTest'">
        <Item>
          <IdeaActionID>Stop</IdeaActionID>
          <ShortCut>'⌘F2'</ShortCut>
          <Description>Stop 'SiteDownFailoverTest'</Description>
          <Count>2</Count>
        </Item>
      </Statistic>
      <Statistic Action="Stop 'SmokeSuite'">
        <Item>
          <IdeaActionID>Stop</IdeaActionID>
          <ShortCut>'⌘F2'</ShortCut>
          <Description>Stop 'SmokeSuite'</Description>
          <Count>19</Count>
        </Item>
      </Statistic>
      <Statistic Action="Stop 'SpringListenerMain'">
        <Item>
          <IdeaActionID>Stop</IdeaActionID>
          <ShortCut>'⌘F2'</ShortCut>
          <Description>Stop 'SpringListenerMain'</Description>
          <Count>16</Count>
        </Item>
      </Statistic>
      <Statistic Action="Stop 'SslAuthenticationTest'">
        <Item>
          <IdeaActionID>Stop</IdeaActionID>
          <ShortCut>'⌘F2'</ShortCut>
          <Description>Stop 'SslAuthenticationTest'</Description>
          <Count>1</Count>
        </Item>
      </Statistic>
      <Statistic Action="Stop 'SslTest.testClientAuthAltCertPassowrd'">
        <Item>
          <IdeaActionID>Stop</IdeaActionID>
          <ShortCut>'⌘F2'</ShortCut>
          <Description>Stop 'SslTest.testClientAuthAltCertPassowrd'</Description>
          <Count>28</Count>
        </Item>
      </Statistic>
      <Statistic Action="Stop 'StacksMain'">
        <Item>
          <IdeaActionID>Stop</IdeaActionID>
          <ShortCut>'⌘F2'</ShortCut>
          <Description>Stop 'StacksMain'</Description>
          <Count>9</Count>
        </Item>
      </Statistic>
      <Statistic Action="Stop 'StationBoardsInjectorVerticle'">
        <Item>
          <IdeaActionID>Stop</IdeaActionID>
          <ShortCut>'⌘F2'</ShortCut>
          <Description>Stop 'StationBoardsInjectorVerticle'</Description>
          <Count>1</Count>
        </Item>
      </Statistic>
      <Statistic Action="Stop 'SwapDnsCache'">
        <Item>
          <IdeaActionID>Stop</IdeaActionID>
          <ShortCut>'⌘F2'</ShortCut>
          <Description>Stop 'SwapDnsCache'</Description>
          <Count>4</Count>
        </Item>
      </Statistic>
      <Statistic Action="Stop 'TombstoneTest'">
        <Item>
          <IdeaActionID>Stop</IdeaActionID>
          <ShortCut>'⌘F2'</ShortCut>
          <Description>Stop 'TombstoneTest'</Description>
          <Count>3</Count>
        </Item>
      </Statistic>
      <Statistic Action="Stop 'TrainPositionsInjectorVerticle'">
        <Item>
          <IdeaActionID>Stop</IdeaActionID>
          <ShortCut>'⌘F2'</ShortCut>
          <Description>Stop 'TrainPositionsInjectorVerticle'</Description>
          <Count>11</Count>
        </Item>
      </Statistic>
      <Statistic Action="Stop 'TypeNameTest.typeNameWithAnnotations'">
        <Item>
          <IdeaActionID>Stop</IdeaActionID>
          <ShortCut>'⌘F2'</ShortCut>
          <Description>Stop 'TypeNameTest.typeNameWithAnnotations'</Description>
          <Count>15</Count>
        </Item>
      </Statistic>
      <Statistic Action="Stop 'UnknownHosts'">
        <Item>
          <IdeaActionID>Stop</IdeaActionID>
          <ShortCut>'⌘F2'</ShortCut>
          <Description>Stop 'UnknownHosts'</Description>
          <Count>32</Count>
        </Item>
      </Statistic>
      <Statistic Action="Stop 'Unnamed'">
        <Item>
          <IdeaActionID>Stop</IdeaActionID>
          <ShortCut>'⌘F2'</ShortCut>
          <Description>Stop 'Unnamed'</Description>
          <Count>17</Count>
        </Item>
      </Statistic>
      <Statistic Action="Stop 'VersionedTest'">
        <Item>
          <IdeaActionID>Stop</IdeaActionID>
          <ShortCut>'⌘F2'</ShortCut>
          <Description>Stop 'VersionedTest'</Description>
          <Count>19</Count>
        </Item>
      </Statistic>
      <Statistic Action="Stop 'VertxExample'">
        <Item>
          <IdeaActionID>Stop</IdeaActionID>
          <ShortCut>'⌘F2'</ShortCut>
          <Description>Stop 'VertxExample'</Description>
          <Count>9</Count>
        </Item>
      </Statistic>
      <Statistic Action="Stop 'WebSocketHttpTest.missingConnectionHeader [*]'">
        <Item>
          <IdeaActionID>Stop</IdeaActionID>
          <ShortCut>'⌘F2'</ShortCut>
          <Description>Stop 'WebSocketHttpTest.missingConnectionHeader [*]'</Description>
          <Count>5</Count>
        </Item>
      </Statistic>
      <Statistic Action="Stop 'customer_02094526_spec.js'">
        <Item>
          <IdeaActionID>Stop</IdeaActionID>
          <ShortCut>'⌘F2'</ShortCut>
          <Description>Stop 'customer_02094526_spec.js'</Description>
          <Count>10</Count>
        </Item>
      </Statistic>
      <Statistic Action="Stop 'customer_02094526_v2_spec.js'">
        <Item>
          <IdeaActionID>Stop</IdeaActionID>
          <ShortCut>'⌘F2'</ShortCut>
          <Description>Stop 'customer_02094526_v2_spec.js'</Description>
          <Count>2</Count>
        </Item>
      </Statistic>
      <Statistic Action="Stop 'customer_02094526_v3_spec.js'">
        <Item>
          <IdeaActionID>Stop</IdeaActionID>
          <ShortCut>'⌘F2'</ShortCut>
          <Description>Stop 'customer_02094526_v3_spec.js'</Description>
          <Count>1</Count>
        </Item>
      </Statistic>
      <Statistic Action="Stop 'go build append.go'">
        <Item>
          <IdeaActionID>Stop</IdeaActionID>
          <ShortCut>'⌘F2'</ShortCut>
          <Description>Stop 'go build append.go'</Description>
          <Count>1</Count>
        </Item>
      </Statistic>
      <Statistic Action="Stop 'go build forever.go'">
        <Item>
          <IdeaActionID>Stop</IdeaActionID>
          <ShortCut>'⌘F2'</ShortCut>
          <Description>Stop 'go build forever.go'</Description>
          <Count>1</Count>
        </Item>
      </Statistic>
      <Statistic Action="Stop 'infinispan_local_spec.js'">
        <Item>
          <IdeaActionID>Stop</IdeaActionID>
          <ShortCut>'⌘F2'</ShortCut>
          <Description>Stop 'infinispan_local_spec.js'</Description>
          <Count>1</Count>
        </Item>
      </Statistic>
      <Statistic Action="Structure">
        <Item>
          <IdeaActionID>ActivateStructureToolWindow</IdeaActionID>
          <ShortCut>'⌘7'</ShortCut>
          <Description>Structure</Description>
          <Count>8</Count>
        </Item>
      </Statistic>
      <Statistic Action="Synchronize">
        <Item>
          <IdeaActionID>Synchronize</IdeaActionID>
          <ShortCut>'⌥⌘Y'</ShortCut>
          <Description>Synchronize</Description>
          <Count>1</Count>
        </Item>
      </Statistic>
      <Statistic Action="TODO">
        <Item>
          <IdeaActionID>ActivateTODOToolWindow</IdeaActionID>
          <ShortCut>'⌘6'</ShortCut>
          <Description>TODO</Description>
          <Count>3</Count>
        </Item>
      </Statistic>
      <Statistic Action="Terminal">
        <Item>
          <IdeaActionID>ActivateTerminalToolWindow</IdeaActionID>
          <ShortCut>'⌥F12'</ShortCut>
          <Description>Terminal</Description>
          <Count>30</Count>
        </Item>
      </Statistic>
      <Statistic Action="Toggle Line Breakpoint">
        <Item>
          <IdeaActionID>ToggleLineBreakpoint</IdeaActionID>
          <ShortCut>'⌘F8'</ShortCut>
          <Description>Toggle Line Breakpoint</Description>
          <Count>1009</Count>
        </Item>
      </Statistic>
      <Statistic Action="Type Declaration">
        <Item>
          <IdeaActionID>GotoTypeDeclaration</IdeaActionID>
          <ShortCut>'⇧⌘B' or '⌃⇧B' or '⇧⌘Button1 Click' or '⇧Button2 Click'</ShortCut>
          <Description>Type Declaration</Description>
          <Count>10</Count>
        </Item>
      </Statistic>
      <Statistic Action="Version Control">
        <Item>
          <IdeaActionID>ActivateVersionControlToolWindow</IdeaActionID>
          <ShortCut>'⌘9' or '⇧⌘9'</ShortCut>
          <Description>Version Control</Description>
          <Count>27</Count>
        </Item>
      </Statistic>
      <Statistic Action="View Breakpoints...">
        <Item>
          <IdeaActionID>ViewBreakpoints</IdeaActionID>
          <ShortCut>'⇧⌘F8'</ShortCut>
          <Description>View Breakpoints...</Description>
          <Count>10</Count>
        </Item>
      </Statistic>
      <Statistic Action="Zoom In">
        <Item>
          <IdeaActionID>UML.ZoomIn</IdeaActionID>
          <ShortCut>'⌘+' or '⌘='</ShortCut>
          <Description>Zoom In</Description>
          <Count>31</Count>
        </Item>
      </Statistic>
    </option>
  </component>
</application>