<application>
  <component name="FileTypeManager" version="17">
    <ignoreFiles list="*.hprof;*.orig;*.pyc;*.pyo;*.rbc;*~;.DS_Store;.git;.hg;.svn;CVS;RCS;SCCS;__pycache__;_svn;" />
    <extensionMap>
      <mapping ext="multistage" type="Dockerfile" />
      <mapping pattern="Jenkinsfile-rel" type="Groovy" />
      <mapping pattern="StripedLock" type="JAVA" />
      <mapping pattern="Boo" type="PLAIN_TEXT" />
      <mapping pattern="mk-create" type="PLAIN_TEXT" />
      <mapping pattern="known_hosts" type="PLAIN_TEXT" />
      <mapping pattern="minikube-operator" type="PLAIN_TEXT" />
      <mapping pattern=".keep" type="PLAIN_TEXT" />
      <mapping pattern="undeploy-all" type="PLAIN_TEXT" />
      <mapping pattern="team" type="PLAIN_TEXT" />
      <mapping pattern=".quay" type="PLAIN_TEXT" />
      <mapping pattern="test" type="PLAIN_TEXT" />
      <mapping pattern="deployToServers" type="PLAIN_TEXT" />
      <mapping pattern="TODO" type="PLAIN_TEXT" />
      <mapping pattern=".openshift" type="PLAIN_TEXT" />
      <mapping pattern=".gdbsourcepath" type="PLAIN_TEXT" />
      <mapping pattern="boo" type="PLAIN_TEXT" />
      <mapping pattern="deploy-all" type="PLAIN_TEXT" />
      <mapping pattern="DEADJOE" type="PLAIN_TEXT" />
      <mapping ext="modulelifecycle" type="PLAIN_TEXT" />
      <mapping ext="btm" type="PLAIN_TEXT" />
      <mapping ext="xm" type="PLAIN_TEXT" />
      <mapping ext="templ" type="PLAIN_TEXT" />
      <mapping ext="mpacs" type="PLAIN_TEXT" />
      <mapping ext="orig" type="PLAIN_TEXT" />
      <mapping ext="processor" type="PLAIN_TEXT" />
      <mapping ext="idx" type="PLAIN_TEXT" />
      <mapping ext="knob" type="PLAIN_TEXT" />
      <mapping ext="loadableextension" type="PLAIN_TEXT" />
      <mapping ext="typeconverter" type="PLAIN_TEXT" />
      <mapping ext="avpr" type="PLAIN_TEXT" />
      <mapping ext="apvr" type="PLAIN_TEXT" />
      <mapping ext="queryfacade" type="PLAIN_TEXT" />
      <mapping ext="info" type="PLAIN_TEXT" />
      <mapping ext="providerdescriptor" type="PLAIN_TEXT" />
      <mapping ext="data" type="PLAIN_TEXT" />
      <mapping ext="modulecommandextensions" type="PLAIN_TEXT" />
      <mapping ext="thrift" type="PLAIN_TEXT" />
      <mapping ext="tpl" type="PLAIN_TEXT" />
      <mapping ext="ccf" type="PLAIN_TEXT" />
      <mapping ext="genavro" type="PLAIN_TEXT" />
      <mapping ext="single" type="PLAIN_TEXT" />
      <mapping ext="kubernetes" type="PLAIN_TEXT" />
      <mapping ext="serviceactivator" type="PLAIN_TEXT" />
      <mapping ext="mpac" type="PLAIN_TEXT" />
      <mapping ext="toml" type="PLAIN_TEXT" />
      <mapping ext="g" type="PLAIN_TEXT" />
      <mapping ext="pem" type="PLAIN_TEXT" />
      <mapping ext="fr" type="PLAIN_TEXT" />
      <mapping ext="check" type="PLAIN_TEXT" />
      <mapping ext="textile" type="PLAIN_TEXT" />
      <mapping ext="extension" type="PLAIN_TEXT" />
      <mapping ext="p12" type="PLAIN_TEXT" />
      <removed_mapping ext="log" approved="true" type="PLAIN_TEXT" />
      <removed_mapping ext="bat" approved="true" type="PLAIN_TEXT" />
      <removed_mapping ext="cmd" approved="true" type="PLAIN_TEXT" />
      <removed_mapping ext="bat" approved="true" type="PLAIN_TEXT" />
      <removed_mapping ext="log" approved="true" type="PLAIN_TEXT" />
      <removed_mapping ext="cfg" approved="true" type="PLAIN_TEXT" />
      <removed_mapping ext="rej" approved="true" type="PLAIN_TEXT" />
      <removed_mapping ext="dockerfile" approved="true" type="textmate" />
      <removed_mapping ext="makefile" approved="true" type="textmate" />
      <removed_mapping ext="launch" approved="true" type="PLAIN_TEXT" />
      <removed_mapping ext="conf" approved="true" type="PLAIN_TEXT" />
      <removed_mapping ext="cmd" approved="true" type="PLAIN_TEXT" />
      <removed_mapping ext="snakefile" approved="true" type="textmate" />
      <removed_mapping ext="props" approved="true" type="PLAIN_TEXT" />
    </extensionMap>
  </component>
</application>