<application>
  <component name="NotificationConfiguration">
    <notification groupId="Common Version Control Messages" displayType="TOOL_WINDOW" />
    <notification groupId="Database editor log" displayType="NONE" />
    <notification groupId="Database refactoring log" displayType="NONE" />
    <notification groupId="Database view" displayType="TOOL_WINDOW" />
    <notification groupId="Debugger messages" displayType="TOOL_WINDOW" shouldLog="false" />
    <notification groupId="Docker: Dockerfile detection" displayType="NONE" shouldLog="false" />
    <notification groupId="Execution" displayType="NONE" />
    <notification groupId="External Executable Critical Failures" displayType="TOOL_WINDOW" />
    <notification groupId="Framework Detection" displayType="NONE" />
    <notification groupId="Git Important Errors" displayType="STICKY_BALLOON" />
    <notification groupId="Git Important Messages" displayType="STICKY_BALLOON" />
    <notification groupId="Git Messages" displayType="TOOL_WINDOW" />
    <notification groupId="Gradle warnings" displayType="TOOL_WINDOW" />
    <notification groupId="HotSwap" displayType="TOOL_WINDOW" />
    <notification groupId="IDE Fatal Errors" displayType="NONE" />
    <notification groupId="IDE Usage Statistics" displayType="STICKY_BALLOON" shouldLog="false" />
    <notification groupId="Inspection Results" displayType="TOOL_WINDOW" />
    <notification groupId="JavaScript Library Management" displayType="STICKY_BALLOON" />
    <notification groupId="Maven Import" displayType="NONE" />
    <notification groupId="notification.group.id.gradle" displayType="TOOL_WINDOW" />
    <notification groupId="notification.group.id.sbt" displayType="TOOL_WINDOW" />
    <notification groupId="SbtImportMessage" displayType="STICKY_BALLOON" />
    <notification groupId="TeamCity.InvestigationAssigned" displayType="STICKY_BALLOON" />
    <notification groupId="Update Checker" displayType="STICKY_BALLOON" />
    <notification groupId="update.available.group" displayType="STICKY_BALLOON" />
    <notification groupId="Vcs Important Messages" displayType="STICKY_BALLOON" />
  </component>
</application>