<application>
  <component name="UISettings">
    <option name="EDITOR_TAB_LIMIT" value="20" />
    <option name="FONT_FACE" value=".SFNSText-Regular" />
    <option name="MAX_LOOKUP_LIST_HEIGHT" value="17" />
    <option name="MAX_LOOKUP_WIDTH2" value="920" />
    <option name="RECENT_FILES_LIMIT" value="25" />
    <option name="SHOW_CLOSE_BUTTON" value="false" />
    <option name="SHOW_MEMORY_INDICATOR" value="true" />
    <option name="SHOW_NAVIGATION_BAR" value="false" />
  </component>
</application>