<keymap version="1" name="Galder's Emacs" parent="Emacs">
  <action id="$Copy">
    <keyboard-shortcut first-keystroke="alt c" />
    <keyboard-shortcut first-keystroke="escape" second-keystroke="w" />
    <keyboard-shortcut first-keystroke="alt w" />
  </action>
  <action id="$Cut">
    <keyboard-shortcut first-keystroke="shift delete" />
    <keyboard-shortcut first-keystroke="ctrl w" />
  </action>
  <action id="$LRU">
    <keyboard-shortcut first-keystroke="ctrl x" second-keystroke="ctrl l" />
  </action>
  <action id="Annotate">
    <keyboard-shortcut first-keystroke="alt a" />
  </action>
  <action id="CloseProject">
    <keyboard-shortcut first-keystroke="ctrl x" second-keystroke="ctrl p" />
  </action>
  <action id="Console.Execute.Multiline" />
  <action id="Console.Jdbc.Execute" />
  <action id="Console.TableResult.Submit" />
  <action id="DirDiffMenu.SynchronizeDiff.All" />
  <action id="Editor Copy">
    <keyboard-shortcut first-keystroke="alt w" />
  </action>
  <action id="Editor Cut">
    <keyboard-shortcut first-keystroke="ctrl w" />
  </action>
  <action id="Editor LRU">
    <keyboard-shortcut first-keystroke="ctrl x" second-keystroke="ctrl l" />
  </action>
  <action id="EditorDeleteToWordEnd">
    <keyboard-shortcut first-keystroke="ctrl delete" />
    <keyboard-shortcut first-keystroke="alt d" />
  </action>
  <action id="EditorDuplicate">
    <keyboard-shortcut first-keystroke="meta d" />
    <keyboard-shortcut first-keystroke="shift ctrl d" />
  </action>
  <action id="EditorSelectWord">
    <keyboard-shortcut first-keystroke="ctrl alt w" />
    <keyboard-shortcut first-keystroke="ctrl alt up" />
  </action>
  <action id="EditorToggleColumnMode">
    <keyboard-shortcut first-keystroke="shift meta 8" />
  </action>
  <action id="EditorUnSelectWord">
    <keyboard-shortcut first-keystroke="shift ctrl w" />
    <keyboard-shortcut first-keystroke="ctrl alt down" />
  </action>
  <action id="Generate">
    <keyboard-shortcut first-keystroke="ctrl enter" />
  </action>
  <action id="GotoImplementation">
    <keyboard-shortcut first-keystroke="ctrl u" />
  </action>
  <action id="Groovy.Shell.Execute" />
  <action id="IntroduceField">
    <keyboard-shortcut first-keystroke="ctrl alt f" />
  </action>
  <action id="KotlinShellExecute" />
  <action id="Maven.Reimport">
    <keyboard-shortcut first-keystroke="shift meta i" />
  </action>
  <action id="MoveStatementDown">
    <keyboard-shortcut first-keystroke="shift meta down" />
  </action>
  <action id="MoveStatementUp">
    <keyboard-shortcut first-keystroke="shift meta up" />
  </action>
  <action id="NewElement">
    <keyboard-shortcut first-keystroke="ctrl enter" />
  </action>
  <action id="OverrideMethods">
    <keyboard-shortcut first-keystroke="alt o" />
  </action>
  <action id="PreviousOccurence" />
  <action id="ReformatCode">
    <keyboard-shortcut first-keystroke="ctrl alt l" />
  </action>
  <action id="ViewSource" />
  <action id="android.deploy.ApplyChanges">
    <keyboard-shortcut first-keystroke="ctrl meta r" />
  </action>
  <action id="android.deploy.CodeSwap">
    <keyboard-shortcut first-keystroke="shift ctrl meta r" />
  </action>
</keymap>