<keymap version="1" name="Galder's Mac Emacs+" parent="Emacs+">
  <action id="$Copy">
    <keyboard-shortcut first-keystroke="meta w" />
  </action>
  <action id="$Paste">
    <keyboard-shortcut first-keystroke="ctrl y" />
  </action>
  <action id="CodeCompletion">
    <keyboard-shortcut first-keystroke="meta slash" />
  </action>
  <action id="Editor Copy">
    <keyboard-shortcut first-keystroke="meta w" />
  </action>
  <action id="Editor Paste">
    <keyboard-shortcut first-keystroke="ctrl y" />
  </action>
  <action id="EditorCodeBlockEnd">
    <keyboard-shortcut first-keystroke="ctrl alt d" />
  </action>
  <action id="EditorCodeBlockEndWithSelection">
    <keyboard-shortcut first-keystroke="shift ctrl alt d" />
  </action>
  <action id="EditorCodeBlockStart">
    <keyboard-shortcut first-keystroke="ctrl meta u" />
  </action>
  <action id="EditorCodeBlockStartWithSelection">
    <keyboard-shortcut first-keystroke="shift ctrl meta u" />
  </action>
  <action id="EditorDuplicate" />
  <action id="EditorJoinLines">
    <keyboard-shortcut first-keystroke="ctrl u" second-keystroke="shift meta 6" />
    <keyboard-shortcut first-keystroke="ctrl u" second-keystroke="meta circumflex" />
  </action>
  <action id="EditorNextWord">
    <keyboard-shortcut first-keystroke="ctrl meta f" />
  </action>
  <action id="EditorPageUp">
    <keyboard-shortcut first-keystroke="meta v" />
  </action>
  <action id="EditorPreviousWord">
    <keyboard-shortcut first-keystroke="ctrl meta b" />
  </action>
  <action id="EditorSelectWord">
    <keyboard-shortcut first-keystroke="meta at" />
    <keyboard-shortcut first-keystroke="shift meta 2" />
    <keyboard-shortcut first-keystroke="alt up" />
  </action>
  <action id="EditorTextEnd">
    <keyboard-shortcut first-keystroke="shift meta period" />
    <keyboard-shortcut first-keystroke="meta greater" />
  </action>
  <action id="EditorTextStart">
    <keyboard-shortcut first-keystroke="shift meta comma" />
    <keyboard-shortcut first-keystroke="meta less" />
  </action>
  <action id="EditorUnSelectWord">
    <keyboard-shortcut first-keystroke="shift ctrl w" />
    <keyboard-shortcut first-keystroke="alt down" />
  </action>
  <action id="Emacs+.AppendNextKill">
    <keyboard-shortcut first-keystroke="ctrl meta w" />
  </action>
  <action id="Emacs+.BackToIndentation">
    <keyboard-shortcut first-keystroke="meta m" />
    <keyboard-shortcut first-keystroke="escape" second-keystroke="m" />
  </action>
  <action id="Emacs+.BackwardWord">
    <keyboard-shortcut first-keystroke="ctrl left" />
    <keyboard-shortcut first-keystroke="meta left" />
    <keyboard-shortcut first-keystroke="meta b" />
    <keyboard-shortcut first-keystroke="escape" second-keystroke="b" />
    <keyboard-shortcut first-keystroke="escape" second-keystroke="left" />
  </action>
  <action id="Emacs+.CapitalizeWord">
    <keyboard-shortcut first-keystroke="meta c" />
    <keyboard-shortcut first-keystroke="escape" second-keystroke="c" />
  </action>
  <action id="Emacs+.CommentDwim">
    <keyboard-shortcut first-keystroke="meta semicolon" />
    <keyboard-shortcut first-keystroke="ctrl meta semicolon" />
    <keyboard-shortcut first-keystroke="escape" second-keystroke="semicolon" />
  </action>
  <action id="Emacs+.CommentIndentNew">
    <keyboard-shortcut first-keystroke="ctrl meta j" />
    <keyboard-shortcut first-keystroke="meta j" />
    <keyboard-shortcut first-keystroke="escape" second-keystroke="j" />
    <keyboard-shortcut first-keystroke="escape" second-keystroke="ctrl j" />
  </action>
  <action id="Emacs+.CommentKill">
    <keyboard-shortcut first-keystroke="ctrl u" second-keystroke="meta semicolon" />
    <keyboard-shortcut first-keystroke="ctrl u" second-keystroke="ctrl meta semicolon" />
  </action>
  <action id="Emacs+.CommentNextLine">
    <keyboard-shortcut first-keystroke="meta n" />
    <keyboard-shortcut first-keystroke="escape" second-keystroke="n" />
  </action>
  <action id="Emacs+.CommentPreviousLine">
    <keyboard-shortcut first-keystroke="meta p" />
    <keyboard-shortcut first-keystroke="escape" second-keystroke="p" />
  </action>
  <action id="Emacs+.CutLineBackwardKey">
    <keyboard-shortcut first-keystroke="meta minus" second-keystroke="ctrl k" />
  </action>
  <action id="Emacs+.DeleteHorizSpace">
    <keyboard-shortcut first-keystroke="meta back_slash" />
    <keyboard-shortcut first-keystroke="escape" second-keystroke="back_slash" />
  </action>
  <action id="Emacs+.DeleteIndentation">
    <keyboard-shortcut first-keystroke="shift meta 6" />
    <keyboard-shortcut first-keystroke="meta circumflex" />
  </action>
  <action id="Emacs+.DowncaseWord">
    <keyboard-shortcut first-keystroke="meta l" />
    <keyboard-shortcut first-keystroke="escape" second-keystroke="l" />
  </action>
  <action id="Emacs+.ForwardWord">
    <keyboard-shortcut first-keystroke="ctrl right" />
    <keyboard-shortcut first-keystroke="meta right" />
    <keyboard-shortcut first-keystroke="meta f" />
    <keyboard-shortcut first-keystroke="escape" second-keystroke="f" />
    <keyboard-shortcut first-keystroke="escape" second-keystroke="right" />
  </action>
  <action id="Emacs+.ISCase">
    <keyboard-shortcut first-keystroke="meta c" />
  </action>
  <action id="Emacs+.ISDeleteChar">
    <keyboard-shortcut first-keystroke="ctrl meta w" />
  </action>
  <action id="Emacs+.ISMultiLine">
    <keyboard-shortcut first-keystroke="meta m" />
  </action>
  <action id="Emacs+.ISRegex">
    <keyboard-shortcut first-keystroke="meta r" />
  </action>
  <action id="Emacs+.ISWords">
    <keyboard-shortcut first-keystroke="meta w" />
  </action>
  <action id="Emacs+.ISYankChar">
    <keyboard-shortcut first-keystroke="ctrl meta y" />
  </action>
  <action id="Emacs+.ISYankLast">
    <keyboard-shortcut first-keystroke="meta y" />
  </action>
  <action id="Emacs+.ISearchBackwardRegexp">
    <keyboard-shortcut first-keystroke="ctrl meta r" />
  </action>
  <action id="Emacs+.ISearchForwardRegexp">
    <keyboard-shortcut first-keystroke="ctrl meta s" />
  </action>
  <action id="Emacs+.ISearchHistoryNext">
    <keyboard-shortcut first-keystroke="meta n" />
  </action>
  <action id="Emacs+.ISearchHistoryPrevious">
    <keyboard-shortcut first-keystroke="meta p" />
  </action>
  <action id="Emacs+.JustOneSpace">
    <keyboard-shortcut first-keystroke="meta space" />
    <keyboard-shortcut first-keystroke="escape" second-keystroke="space" />
  </action>
  <action id="Emacs+.KillWord">
    <keyboard-shortcut first-keystroke="meta d" />
    <keyboard-shortcut first-keystroke="ctrl delete" />
    <keyboard-shortcut first-keystroke="escape" second-keystroke="d" />
    <keyboard-shortcut first-keystroke="ctrl meta k" />
  </action>
  <action id="Emacs+.KillWordBackward">
    <keyboard-shortcut first-keystroke="meta delete" />
    <keyboard-shortcut first-keystroke="meta back_space" />
    <keyboard-shortcut first-keystroke="ctrl back_space" />
    <keyboard-shortcut first-keystroke="escape" second-keystroke="delete" />
    <keyboard-shortcut first-keystroke="escape" second-keystroke="back_space" />
    <keyboard-shortcut first-keystroke="ctrl meta delete" />
    <keyboard-shortcut first-keystroke="ctrl meta back_space" />
    <keyboard-shortcut first-keystroke="escape" second-keystroke="ctrl delete" />
    <keyboard-shortcut first-keystroke="escape" second-keystroke="ctrl back_space" />
  </action>
  <action id="Emacs+.QueryReplace">
    <keyboard-shortcut first-keystroke="shift meta 5" />
    <keyboard-shortcut first-keystroke="shift alt 5" />
  </action>
  <action id="Emacs+.QueryReplaceRegexp">
    <keyboard-shortcut first-keystroke="shift ctrl meta 5" />
  </action>
  <action id="Emacs+.SaveRegion">
    <keyboard-shortcut first-keystroke="meta w" />
    <keyboard-shortcut first-keystroke="escape" second-keystroke="w" />
  </action>
  <action id="Emacs+.TWBegin">
    <keyboard-shortcut first-keystroke="shift meta comma" />
    <keyboard-shortcut first-keystroke="meta less" />
  </action>
  <action id="Emacs+.TWEnd">
    <keyboard-shortcut first-keystroke="shift meta period" />
    <keyboard-shortcut first-keystroke="meta greater" />
  </action>
  <action id="Emacs+.TWScrollDown">
    <keyboard-shortcut first-keystroke="meta v" />
  </action>
  <action id="Emacs+.TransposeWords">
    <keyboard-shortcut first-keystroke="meta t" />
  </action>
  <action id="Emacs+.UpcaseWord">
    <keyboard-shortcut first-keystroke="meta u" />
    <keyboard-shortcut first-keystroke="escape" second-keystroke="u" />
  </action>
  <action id="Emacs+.YankPop">
    <keyboard-shortcut first-keystroke="meta y" />
    <keyboard-shortcut first-keystroke="escape" second-keystroke="y" />
  </action>
  <action id="EmacsStyleIndent">
    <keyboard-shortcut first-keystroke="tab" />
    <keyboard-shortcut first-keystroke="meta i" />
  </action>
  <action id="FindInPath">
    <keyboard-shortcut first-keystroke="meta s" />
  </action>
  <action id="FindModal">
    <keyboard-shortcut first-keystroke="shift meta a" />
  </action>
  <action id="FindUsages">
    <keyboard-shortcut first-keystroke="meta f7" />
  </action>
  <action id="Generate">
    <keyboard-shortcut first-keystroke="shift meta n" />
  </action>
  <action id="GotoAction">
    <keyboard-shortcut first-keystroke="meta x" />
  </action>
  <action id="GotoDeclaration">
    <keyboard-shortcut first-keystroke="meta period" />
    <keyboard-shortcut first-keystroke="escape" second-keystroke="period" />
    <mouse-shortcut keystroke="control button1" />
  </action>
  <action id="GotoImplementation">
    <keyboard-shortcut first-keystroke="ctrl u" second-keystroke="meta period" />
  </action>
  <action id="GotoLine">
    <keyboard-shortcut first-keystroke="meta g" second-keystroke="g" />
    <keyboard-shortcut first-keystroke="meta g" second-keystroke="meta g" />
  </action>
  <action id="GotoNextError">
    <keyboard-shortcut first-keystroke="meta g" second-keystroke="n" />
    <keyboard-shortcut first-keystroke="meta g" second-keystroke="meta n" />
    <keyboard-shortcut first-keystroke="f2" />
    <keyboard-shortcut first-keystroke="ctrl x" second-keystroke="back_quote" />
  </action>
  <action id="Maven.Reimport">
    <keyboard-shortcut first-keystroke="shift meta i" />
  </action>
  <action id="MethodDown">
    <keyboard-shortcut first-keystroke="meta up" />
    <keyboard-shortcut first-keystroke="ctrl meta e" />
  </action>
  <action id="MethodUp">
    <keyboard-shortcut first-keystroke="meta up" />
    <keyboard-shortcut first-keystroke="ctrl meta a" />
  </action>
  <action id="NextDiff" />
  <action id="ShowUsages">
    <keyboard-shortcut first-keystroke="ctrl meta f7" />
    <keyboard-shortcut first-keystroke="shift meta s" />
  </action>
  <action id="SmartTypeCompletion">
    <keyboard-shortcut first-keystroke="shift ctrl space" />
    <keyboard-shortcut first-keystroke="ctrl meta slash" />
  </action>
  <action id="StepInto">
    <keyboard-shortcut first-keystroke="ctrl c" second-keystroke="ctrl s" />
    <keyboard-shortcut first-keystroke="f7" />
  </action>
  <action id="StepOver">
    <keyboard-shortcut first-keystroke="ctrl c" second-keystroke="ctrl n" />
    <keyboard-shortcut first-keystroke="f8" />
  </action>
</keymap>